profile,pair_id,controller,n_samples,rmse_full,rmse_deadzone,rmse_transient,ss_error_last500ms,rms_pwm,max_abs_pwm,saturated_frac
P1,0,BASE,3900,14.121699125087153,17.468806631904116,25.083297457338684,0.0,174.15816713403703,255.0,0.0007692307692307692
P1,0,CASC,3901,11.287777301402157,12.985077883631622,19.764954298370302,0.0,171.9045522472048,251.0,0.0
P1,1,BASE,3901,14.032582861822128,17.332796104484103,24.863042940275836,0.0,172.84881736119368,255.0,0.0005126890540886952
P1,1,CASC,3901,11.246035426639308,12.857016785719471,19.630796802048902,0.0,171.74152078501086,254.0,0.0
P1,2,BASE,3901,14.012548272895646,17.29058008116196,24.836901415367148,0.0,173.06860078979847,255.0,0.0005126890540886952
P1,2,CASC,3900,11.197966961771368,12.882061381183194,19.54930293514324,0.0,171.6709038560968,249.0,0.0
P1,3,BASE,3901,13.877938966262048,17.247219558077504,24.61679267458158,0.0,172.77735561015524,254.0,0.0
P1,3,CASC,3901,11.040117038999705,12.658728704836669,19.30256313506922,0.0,171.0726717231894,247.0,0.0
P1,4,BASE,3900,13.916686406557472,17.249636196301704,24.70162415038061,0.0,173.1730792721992,255.0,0.0002564102564102564
P1,4,CASC,3901,11.123407437805596,12.75796701370181,19.45432527742867,0.0,171.4503185782381,250.0,0.0
P1,5,BASE,3900,13.835817737363357,17.000207700411863,24.513346888311002,0.0,171.44218058007567,255.0,0.0005128205128205128
P1,5,CASC,3901,11.259324639406886,13.011042992127093,19.65140899104523,0.0,169.85038276375354,247.0,0.0
P1,6,BASE,3900,14.202291084584981,17.489615169062603,25.19560636301496,0.0,173.27969165041105,255.0,0.0007692307692307692
P1,6,CASC,3900,11.129978061120589,12.689746014194371,19.445515594861455,0.0,171.96258537609503,249.0,0.0
P1,7,BASE,3901,14.111566300756664,17.456044518811858,25.033654665603,0.0,173.0725806557092,255.0,0.0005126890540886952
P1,7,CASC,3901,11.163460172124575,12.82006782095325,19.50318920715276,0.0,171.58623544983794,248.0,0.0
P2,0,BASE,5300,5.164319336325666,6.7736890353103005,5.549361342789742,3.354901960784314,167.71922179192987,221.0,0.0
P2,0,CASC,5301,6.232199809775688,8.536747556892067,6.775278497599728,3.357843137254902,169.13477122014675,214.0,0.0
P2,1,BASE,5301,5.242384859875609,6.913332104006539,5.64363446581275,3.6029411764705883,169.03150836633947,225.0,0.0
P2,1,CASC,5300,6.430463407990861,8.813076900002487,6.993347339187272,3.011764705882353,169.35074967384804,216.0,0.0
P2,2,BASE,5300,5.156958709556968,6.746995935195757,5.535383246973531,0.4137254901960784,169.6145975383994,224.0,0.0
P2,2,CASC,5300,6.267777211245732,8.529801406703315,6.798163750388407,7.080392156862746,169.75262745625437,217.0,0.0
P2,3,BASE,5301,5.23339627565161,6.872259691316027,5.622476242461541,3.5539215686274503,167.9475084405775,222.0,0.0
P2,3,CASC,5300,6.506146671374228,8.964060506957276,7.0834329853873115,3.3058823529411763,167.50701252569402,214.0,0.0
P2,4,BASE,5300,5.228482280955359,6.811559707220423,5.608289135716449,0.46274509803921576,166.58353731884907,224.0,0.0
P2,4,CASC,5300,6.1460599159596585,8.396593556956482,6.678409729695452,5.4625490196078434,167.20398625292378,214.0,0.0
P2,5,BASE,5301,5.385163218512578,7.110809837867134,5.79873149241347,0.3186274509803923,168.542293273141,223.0,0.0
P2,5,CASC,5300,6.158068713729888,8.401091750764648,6.683966054025065,6.8843137254901965,169.6619669191299,215.0,0.0
P2,6,BASE,5301,5.20385997776418,6.854753433979743,5.608993899703149,3.357843137254902,169.07340383335136,225.0,0.0
P2,6,CASC,5301,6.347538838908406,8.693070735306076,6.902743605327786,3.6519607843137254,169.36500635120612,215.0,0.0
P2,7,BASE,5301,5.227448709943647,6.8649528608972155,5.615196221090566,3.651960784313725,167.37037910889737,224.0,0.0
P2,7,CASC,5300,6.509140067251153,8.961897954942742,7.082994854438865,2.9137254901960783,167.48151179295232,214.0,0.0
P3,0,BASE,1000,18.16020268884684,21.117617691090075,17.104216188497084,-0.0982352941176466,165.39369697784738,195.0,0.0
P3,0,CASC,1000,13.008213970411157,14.676693860646129,12.004710289643668,-0.0980392156862734,172.18796125165082,227.0,0.0
P3,1,BASE,1001,18.337461373112408,21.542439002887914,17.484471541633177,0.049607843137255206,164.9064003582665,195.0,0.0
P3,1,CASC,1000,13.411674339917443,15.527811618024602,12.745966134640828,0.048823529411764606,170.653441219332,226.0,0.0
P3,2,BASE,1001,18.44688066026086,21.838739565148728,17.7193492848399,-0.39196078431372594,165.89196140001135,196.0,0.0
P3,2,CASC,1001,13.067197853413706,15.249489394444565,12.437368381797214,-0.049019607843138094,172.12751702700564,223.0,0.0
P3,3,BASE,1001,18.343894388560496,21.212580541007327,17.1663353205241,-0.09823529411764688,165.283666191461,198.0,0.0
P3,3,CASC,1000,12.651407850512133,14.256042474701681,11.757582007765826,0.09784313725490242,171.66344398269538,221.0,0.0
P3,4,BASE,1001,18.252360973826953,21.54821151803945,17.429277271660602,0.0005882352941193412,165.59631294548458,195.0,0.0
P3,4,CASC,1001,13.407378103581161,15.46384635971142,12.696925100748922,-0.09803921568627395,171.12954647962366,227.0,0.0
P3,5,BASE,1000,18.46889536491016,21.756670685439023,17.648663094354657,0.0001960784313723707,165.89553640770447,198.0,0.0
P3,5,CASC,1001,13.311158389198802,15.061263222061978,12.36134155867641,0.19627450980392167,171.7777413042575,230.0,0.0
P3,6,BASE,1000,18.411855514857812,21.701949013066365,17.616550880630967,0.09823529411764716,165.99174979498227,196.0,0.0
P3,6,CASC,1001,13.265150695601726,15.232214959935071,12.42637269184186,-0.1958823529411772,172.15232666572817,227.0,0.0
P3,7,BASE,1001,18.334150657166543,21.54727471546115,17.42790195442544,0.04941176470588255,165.71472665207105,196.0,0.0
P3,7,CASC,1000,12.897252598906482,14.582976259090897,11.978904930195135,-0.09862745098039218,171.72463131420605,224.0,0.0
P4,0,BASE,800,19.30364881958849,,4.791372698228904,0.19705882352941198,208.8019725721,232.0,0.0
P4,0,CASC,800,17.895094495419688,,4.326749934997399,0.2452941176470592,210.6794692180517,251.0,0.0
P4,1,BASE,801,19.333461664949255,,4.7106860788353675,-0.09745098039215684,208.89406187979398,230.0,0.0
P4,1,CASC,801,18.21814144000671,,4.64187684742569,0.5886274509803924,211.00010354353094,252.0,0.0
P4,2,BASE,801,19.163075869469033,,4.993354950999044,-0.0980392156862734,208.4650100723606,230.0,0.0
P4,2,CASC,800,18.549688174602828,,5.045764923841247,-0.19725490196078435,210.69101784366603,253.0,0.0
P4,3,BASE,801,19.302586269827156,,4.950796299586563,-0.6376470588235301,208.61466547605275,229.0,0.0
P4,3,CASC,800,18.507868833282778,,4.962055252950468,-0.1472549019607847,210.94657202713677,253.0,0.0
P4,4,BASE,800,19.49518269021863,,5.15337015941995,-0.5888235294117653,210.10213587681588,232.0,0.0
P4,4,CASC,800,18.469642704313475,,5.121231167079521,-0.48921568627450845,211.4781371678879,253.0,0.0
P4,5,BASE,800,19.296788385635573,,4.823729504577692,0.7362745098039224,209.14112759091648,233.0,0.0
P4,5,CASC,801,18.44188823908012,,4.660249921767429,0.7356862745098042,211.10107571916294,253.0,0.0
P4,6,BASE,800,19.284617911693246,,4.480213424975794,-0.1460784313725488,211.2286113432553,229.0,0.0
P4,6,CASC,800,18.300352892772317,,4.58135147454693,0.09803921568627506,213.31462092411763,253.0,0.0
P4,7,BASE,801,19.320944274037164,,4.502174844820371,0.24450980392156804,210.4807647021765,232.0,0.0
P4,7,CASC,800,17.86219834594835,,4.544683083927122,0.049411764705881996,212.03666546142438,251.0,0.0
