session,region,direction,cond,pwm,run,rmse_A,fit_A,rmse_tr_A,rmse_B,fit_B,rmse_tr_B,rmse_C,fit_C,rmse_tr_C
P2.1,accel,fwd,PWM=160,160,1,74.12517358421961,-927.421020825209,65.57375573442242,3.970593092952532,44.96510953586104,5.267828434448864,4.070090596830911,43.58601223245792,5.614777631476573
P2.1,accel,fwd,PWM=160,160,2,69.87713375410404,-871.7009210465212,59.94256793030199,2.4876541515528148,65.40705520613741,3.0655253377146714,2.366423964986611,67.09286396239744,2.5477934982669384
P2.1,accel,fwd,PWM=160,160,3,68.71896172538783,-828.4296266289068,60.389826487942095,3.3289845086397576,55.02365334387797,3.374491891649497,3.2213019727456684,56.47850152674374,2.826030578327138
P2.1,accel,fwd,PWM=200,200,1,32.678097352600695,-147.3289345411109,13.696374070659056,7.674750811619382,41.91253179079965,22.76653753049566,3.0489578088241744,76.92351919450819,3.5426617266878115
P2.1,accel,fwd,PWM=200,200,2,30.43800014511414,-127.10622006164579,13.186928916043762,8.574614108977512,36.022465684568814,25.687579169241257,2.724226040536365,79.67380656711678,1.7858847657801378
P2.1,accel,fwd,PWM=200,200,3,30.671887235576264,-134.7338146419545,15.493369709491757,8.877996014951878,32.056157648214864,26.685998451559197,2.7458547926823296,78.98580661213407,3.004726993889817
P2.1,accel,fwd,PWM=240,240,1,18.762544169539368,33.346746190948764,23.922677698284605,7.080214921025722,74.84779473990999,10.916364679531085,6.1823433640758045,78.03745069661494,5.378670954678755
P2.1,accel,fwd,PWM=240,240,2,24.2748995210475,15.215769345979302,28.885435635123685,7.260035959648916,74.64308501768839,15.508085870749298,4.4819777208112574,84.34592767158668,5.565721493440777
P2.1,accel,fwd,PWM=240,240,3,26.483374065111303,9.618708691788624,29.991392951402958,8.170016660123304,72.11772737355545,16.080668581263428,5.599471400899876,80.89037089411352,6.011500305319377
P2.1,accel,rev,PWM=160,160,1,52.29895249800033,-424.24877366056313,43.114780145032235,4.254101274976012,57.356557446933856,5.5483593619082106,4.006541772741322,59.838113180952,4.554117756004472
P2.1,accel,rev,PWM=160,160,2,55.65744358094473,-499.6286742466446,47.85986772131734,3.098242397399623,66.62090707515841,3.700847032777029,3.196296725192867,65.5645131268216,4.088100383964722
P2.1,accel,rev,PWM=160,160,3,53.91284146779819,-487.93017293152,48.93601802973949,3.470465922330883,62.15388441197898,5.744870458191163,3.399830688462167,62.92417557328417,5.514802474701452
P2.1,accel,rev,PWM=200,200,1,24.195417369852976,-82.60064607088076,20.711912272974047,10.00376137723242,24.502509599293454,32.72584794145117,2.438615748529868,81.59598553753388,2.3503104821279526
P2.1,accel,rev,PWM=200,200,2,24.487811125578446,-84.2805806263885,20.631553776892407,10.010674353171614,24.66566845016106,32.63420005004845,2.653509150423386,80.03128150450787,2.440852335935091
P2.1,accel,rev,PWM=200,200,3,24.32974461684513,-79.20752158828763,20.186801816814345,10.135242588172456,25.346043144863415,32.12762807375925,3.4863268863316446,74.3204866888109,2.2539198529929525
P2.1,accel,rev,PWM=240,240,1,33.45129264736462,-10.009613604248258,38.16133400689604,8.738414629137282,71.26240749501089,15.880467339031677,6.8992363919916535,77.31082210638685,7.2483775245863935
P2.1,accel,rev,PWM=240,240,2,36.470357715162805,-16.641524621220928,39.537297530311506,8.540140805695323,72.68644711861288,17.087119595627755,6.224891392077413,80.09120644650133,7.975752137106077
P2.1,accel,rev,PWM=240,240,3,37.70340437031442,-20.784428575183078,41.83857474524292,9.42215254944771,69.81574129339675,19.16590590516186,6.660956163692541,78.66134908948972,8.62644552109934
gap-fill,accel,fwd,PWM=180,180,1,51.74904310639473,-408.94295990076637,27.49716583531143,6.708827364731151,34.01983396196162,15.419091511182142,4.954131611626444,51.27696562475093,5.744397460166261
gap-fill,accel,fwd,PWM=180,180,2,48.06521676641992,-366.92083583805993,24.488941075436042,6.714816381342047,34.77013341036776,17.02295109793119,3.9090122748787555,62.026608814489435,3.75030742669816
gap-fill,accel,fwd,PWM=180,180,3,47.68155994264543,-373.88614908406385,25.739187416636184,6.717575738234529,33.23695572037359,16.699231866589233,3.9405850316529016,60.83625057497034,3.1736939311744212
gap-fill,accel,fwd,PWM=180,180,4,49.08243047886505,-388.6316475320926,24.99521924904981,6.502215520626381,35.268317981512496,17.30963255616443,3.6364189324798963,63.798260258125005,3.9300031218330034
gap-fill,accel,fwd,PWM=180,180,5,48.06780652266154,-379.5237100338885,25.671738636465715,6.219843645750002,37.95093397002377,16.15666224996708,3.3513771046729315,66.56671274987875,2.973443980108879
gap-fill,accel,fwd,PWM=220,220,1,11.759886116111513,41.2164081964955,30.10904019770419,11.214622728918028,43.94199074565511,29.57729497329475,5.556970362090237,72.22263258300184,5.703899487399477
gap-fill,accel,fwd,PWM=220,220,2,11.754111188608757,42.100821387970285,29.808997166997166,11.109176167793628,45.27768498608877,29.33417339969608,5.181863576797111,74.47483353169991,4.159853672498734
gap-fill,accel,fwd,PWM=220,220,3,11.682969506763019,42.747035753261386,29.552238914331316,11.000390942114722,46.09204543892195,29.10437234349378,5.042169763839605,75.29060012970288,4.2981650990484
gap-fill,accel,fwd,PWM=220,220,4,11.122030587292045,45.659876779212325,28.384464882784638,10.610773025351483,48.15778385610465,27.939608367792317,5.101490006404416,75.07509142490784,4.717467930456574
gap-fill,accel,fwd,PWM=220,220,5,11.261426330514384,44.536248436721614,28.92986590773132,10.67291226844766,47.434744308556134,28.42665799689573,5.007990756705999,75.33509992348822,4.584797124596296
gap-fill,accel,rev,PWM=180,180,1,43.38629050489717,-326.0054593957764,19.295116281411037,7.51099827138858,26.25029169611515,21.299647920061943,3.5670893447886938,64.9751219256469,3.7521260621704826
gap-fill,accel,rev,PWM=180,180,2,44.183147985677074,-332.880948155772,19.367243095620747,7.195788440831433,29.499823688316095,20.37866452101508,3.351846681979764,67.16054342170152,3.9690961082137273
gap-fill,accel,rev,PWM=180,180,3,45.078841513729536,-359.18968799951426,20.1874001949999,7.0054236786845,28.640173409518344,20.096551093542022,3.4555292905402784,64.80070553026293,3.8791730994628204
gap-fill,accel,rev,PWM=180,180,4,44.95870992873566,-356.9598342520492,20.173735544090558,6.9424100393327555,29.437420559623405,19.6737588257266,3.3202338255720125,66.25317983953768,2.497661152607576
gap-fill,accel,rev,PWM=180,180,5,45.452687184938426,-354.0001634753568,20.16684090773529,6.873183078129067,31.34781606266258,19.214020190845122,3.4953997744402825,65.0865071508145,2.8064116320395214
gap-fill,accel,rev,PWM=220,220,1,14.397475906863994,30.468462567345146,34.56481488665717,11.471664737273018,44.59844966892498,31.470833416782483,5.22568593950906,74.76293901342488,5.081305295967494
gap-fill,accel,rev,PWM=220,220,2,14.91076033264423,28.795935848838983,34.62790753986571,11.510799365684035,45.0319314253265,31.52523197793909,5.15835447869531,75.36706411870048,4.521746626527947
gap-fill,accel,rev,PWM=220,220,3,14.664517380945632,27.561034943085094,35.902559948727074,11.975453975293577,40.84432037400983,32.742623261111454,5.375454932984787,73.44662753365047,4.304958918242074
gap-fill,accel,rev,PWM=220,220,4,15.216293001709857,26.33331797212113,35.48502648600367,11.975107883984297,42.02487658197123,32.33008314081596,5.533436308021007,73.21095926723427,3.9278380675842364
gap-fill,accel,rev,PWM=220,220,5,15.086530974710731,26.237474253720993,35.8766033859667,11.951926248519035,41.563486721909115,32.701435367078105,5.528205309546271,72.97096415606293,5.582916415667473
P2.1,decel,fwd,240->0,0,1,9.305879951326924,73.38161398872259,22.317198035153524,6.801955872152459,80.54379725682875,16.240889790500606,4.7185140280621445,86.50324005300794,11.228465216516808
P2.1,decel,fwd,240->0,0,2,9.45622483094819,73.03688040173762,22.67820907782693,6.970125976877619,80.12564805836348,16.64643411442392,4.865127774316832,86.12775982119078,11.583170220290839
P2.1,decel,fwd,240->0,0,3,9.54895912967741,72.82790752964956,22.87798659415538,7.048169333577334,79.94404350486299,16.817801390117527,4.820378479844946,86.28334585815125,11.463524422443701
P2.1,decel,fwd,240->160,160,1,47.206262514553465,-100.11486761360845,38.489373176324904,6.323396197058018,73.19411608888669,10.534962236622361,3.787440787088072,83.9444350954739,4.299456175243178
P2.1,decel,fwd,240->160,160,2,48.63067902913517,-100.97596295912052,38.71526041140911,6.298402406166453,73.97059810896381,10.648629538209319,3.781335623870545,84.37287770907515,4.637251225754616
P2.1,decel,fwd,240->160,160,3,49.021854842002234,-102.75242815825693,38.79523428367948,6.209714521953062,74.3168694543801,10.28835088168101,3.894787088780098,83.89131659838802,4.545969873937806
P2.1,decel,rev,240->0,0,1,13.56553400765519,65.31477716933361,31.148449653297362,8.642690585774524,77.90181730738162,19.827896520925073,5.329947754739269,86.37204953047797,12.2205436443036
P2.1,decel,rev,240->0,0,2,13.664775066341159,65.18014766528299,31.345044204768048,8.655523268095713,77.94445641354434,19.837528438800994,5.492155213866099,86.00518247700886,12.581006917625018
P2.1,decel,rev,240->0,0,3,13.818722946068203,64.813333381679,31.6972365525714,8.820556838105844,77.54018268824983,20.214896684683413,5.3097144098989615,86.47985407126436,12.159116097239238
P2.1,decel,rev,240->160,160,1,37.708211470124304,-50.10690225297307,30.794470886706886,6.578232604108837,73.8137111253707,11.515323980596579,2.6138915119085158,89.59475556169532,3.757106974051446
P2.1,decel,rev,240->160,160,2,36.67717218905926,-44.983484764249205,29.92756202147581,7.075367963259464,72.03133605789046,12.507251302826203,1.942917006539066,92.31972201227157,2.4503644562417706
P2.1,decel,rev,240->160,160,3,35.95899757231594,-43.087343836534764,28.98464119516699,7.482800855098253,70.22458435721066,13.198971948861063,2.1412398496301197,91.47962003155523,2.7074753206445257
gap-fill,decel,fwd,240->100,100,1,69.09479108834803,-65.32391762820751,55.805499664917576,17.53460712400545,58.044739724223305,28.350519150602672,4.313063865462047,89.68008146508322,4.646616557966134
gap-fill,decel,fwd,240->100,100,2,71.00202785831227,-68.38812906874843,56.41596089140381,16.602849296021823,60.6247481304831,27.353599627797934,2.8714102994716675,93.19017466541044,4.412900240229803
gap-fill,decel,fwd,240->100,100,3,70.04548748086718,-67.71502401574409,56.08309487864836,16.680014765722937,60.061823000656275,27.266752503052537,3.4234375244296547,91.8030136233551,4.681498882325218
gap-fill,decel,fwd,240->180,180,1,42.06480464996045,-88.44326177090348,33.940191316094506,8.619468883924151,61.38622668675574,13.411820062056558,3.9752251950036963,82.19165860262525,4.097206647155978
gap-fill,decel,fwd,240->180,180,2,43.1857484141247,-94.71698029076055,34.58128895162231,8.15315640444648,63.23884491503098,12.684140106469863,3.8145700073897,82.80077154564971,3.9947262206256453
gap-fill,decel,fwd,240->180,180,3,43.30296610303474,-88.45092410970754,34.293370623587684,8.651470789438962,62.34951524339913,13.49880299129162,4.11307710809417,82.10022888246196,4.491740274577022
gap-fill,decel,fwd,240->220,220,1,7.176866852844763,7.42272706806264,12.196257018584902,6.168427391858248,20.430990580444675,8.809207832073387,5.671793984652209,26.837263321565274,5.719433164449202
gap-fill,decel,fwd,240->220,220,2,6.832025613382564,6.797984611113161,10.744062750476276,6.055357186329622,17.39324095038376,8.11553994063777,5.690004673698584,22.377354364406454,5.7953521474070655
gap-fill,decel,fwd,240->220,220,3,9.071724203654755,-19.669082168258978,14.072122697374708,6.109880184204272,19.40189787656994,7.181330220537441,6.046193604890277,20.242015402394998,6.572875619873605
gap-fill,decel,rev,240->100,100,1,69.31901386345235,-60.10907282232112,52.90351476374637,18.07826810264861,58.24385572117177,30.09402604638073,4.9571567695810606,88.55024429839764,6.732488896728268
gap-fill,decel,rev,240->100,100,2,72.58642381705049,-70.97739773280303,60.55869502541161,14.768875375596584,65.21189850151532,24.974863162321363,3.780859097172357,91.09418241545775,6.289065937314693
gap-fill,decel,rev,240->100,100,3,72.39943052598653,-65.39944783389447,59.89546842322628,16.260315251419197,62.85264753257338,27.498698513487007,3.568142023142073,91.84843421926112,5.917747259870107
gap-fill,decel,rev,240->180,180,1,40.49641942014964,-72.75712802440128,33.07649037584297,8.158117532216558,65.19759091960628,13.202331932268157,4.040240243597538,82.76439470435683,4.275428448595668
gap-fill,decel,rev,240->180,180,2,42.68125489795908,-75.76150052816375,33.87868553456177,8.246482448274605,66.04096733675892,13.297551001485276,4.188536181215647,82.75159889307355,4.446937586369466
gap-fill,decel,rev,240->180,180,3,41.198421833748284,-82.3092862128379,34.29056616300562,6.8227888072572815,69.80812123213201,10.733646906730232,3.9896766520666507,82.34507366341707,4.473251479779856
gap-fill,decel,rev,240->220,220,1,13.595084149510752,-72.83864260995342,19.580847232147125,6.212839933398187,21.014183580459868,8.603001644066183,5.89535520889407,25.05046818371931,6.13680231112578
gap-fill,decel,rev,240->220,220,2,11.416136394615295,-46.008846842274956,17.270076743134695,6.350653277653008,18.777112526214136,10.150086735910191,5.693148592350794,27.186393702957147,5.935817902962546
gap-fill,decel,rev,240->220,220,3,11.405233412269686,-40.295833102230105,18.17755621911612,6.29063560370004,22.618860056453983,9.22754332050185,5.662166626262611,30.349660083188766,4.692399523028173
