t_ms,profile,controller,ref_rpm,meas_rpm,pwm_cmd,dir,enc_count,integrator
0,P3,BASE,100.00,0.00,30,F,0,1.0000
10,P3,BASE,100.00,0.00,60,F,0,2.0000
20,P3,BASE,100.00,0.00,90,F,0,3.0000
30,P3,BASE,100.00,0.00,120,F,0,4.0000
40,P3,BASE,100.00,2.50,146,F,1,4.9750
50,P3,BASE,100.00,0.00,154,F,1,5.9750
60,P3,BASE,100.00,2.50,157,F,2,6.9500
70,P3,BASE,100.00,5.00,160,F,4,7.9000
80,P3,BASE,100.00,10.00,159,F,8,8.8000
90,P3,BASE,100.00,7.50,167,F,11,9.7250
100,P3,BASE,100.00,12.50,166,F,16,10.6000
110,P3,BASE,100.00,15.00,168,F,22,11.4500
120,P3,BASE,100.00,17.51,170,F,29,12.2750
130,P3,BASE,100.00,17.50,175,F,36,13.1000
140,P3,BASE,100.00,22.50,173,F,45,13.8750
150,P3,BASE,100.00,25.01,175,F,55,14.6249
160,P3,BASE,100.00,24.99,179,F,65,15.3750
170,P3,BASE,100.00,32.50,174,F,78,16.0501
180,P3,BASE,100.00,32.50,178,F,91,16.7250
190,P3,BASE,100.00,35.00,178,F,105,17.3750
200,P3,BASE,100.00,37.50,179,F,120,18.0000
210,P3,BASE,100.00,37.51,183,F,135,18.6250
220,P3,BASE,100.00,40.00,183,F,151,19.2249
230,P3,BASE,100.00,44.99,180,F,169,19.7750
240,P3,BASE,100.00,45.01,184,F,187,20.3249
250,P3,BASE,100.00,50.00,180,F,207,20.8249
260,P3,BASE,100.00,50.00,183,F,227,21.3249
270,P3,BASE,100.00,50.00,186,F,247,21.8249
280,P3,BASE,100.00,52.49,186,F,268,22.3000
290,P3,BASE,100.00,57.50,182,F,291,22.7250
300,P3,BASE,100.00,57.49,185,F,314,23.1501
310,P3,BASE,100.00,54.99,191,F,336,23.6001
320,P3,BASE,100.00,60.01,187,F,360,24.0001
330,P3,BASE,100.00,60.01,189,F,384,24.4000
340,P3,BASE,100.00,62.51,188,F,409,24.7750
350,P3,BASE,100.00,62.49,190,F,434,25.1501
360,P3,BASE,100.00,65.01,189,F,460,25.4999
370,P3,BASE,100.00,69.99,185,F,488,25.8001
380,P3,BASE,100.00,67.51,190,F,515,26.1250
390,P3,BASE,100.00,67.51,192,F,542,26.4499
400,P3,BASE,100.00,69.99,191,F,570,26.7500
410,P3,BASE,100.00,72.49,189,F,599,27.0252
420,P3,BASE,100.00,70.03,194,F,627,27.3249
430,P3,BASE,100.00,72.48,193,F,656,27.6001
440,P3,BASE,100.00,75.01,191,F,686,27.8500
450,P3,BASE,100.00,79.99,186,F,718,28.0500
460,P3,BASE,100.00,77.46,191,F,749,28.2754
470,P3,BASE,100.00,77.55,192,F,780,28.5000
480,P3,BASE,100.00,79.98,190,F,812,28.7001
490,P3,BASE,100.00,82.52,188,F,845,28.8749
500,P3,BASE,100.00,77.48,195,F,876,29.1001
510,P3,BASE,100.00,82.52,190,F,909,29.2749
520,P3,BASE,100.00,82.50,191,F,942,29.4499
530,P3,BASE,100.00,79.98,196,F,974,29.6501
540,P3,BASE,100.00,80.02,197,F,1006,29.8499
550,P3,BASE,100.00,82.49,195,F,1039,30.0250
560,P3,BASE,100.00,82.50,196,F,1072,30.2000
570,P3,BASE,100.00,82.52,197,F,1105,30.3749
580,P3,BASE,100.00,84.97,195,F,1139,30.5252
590,P3,BASE,100.00,82.52,199,F,1172,30.7000
600,P3,BASE,100.00,85.01,196,F,1206,30.8499
610,P3,BASE,100.00,82.49,201,F,1239,31.0250
620,P3,BASE,100.00,84.99,198,F,1273,31.1751
630,P3,BASE,100.00,87.52,196,F,1308,31.2999
640,P3,BASE,100.00,87.47,197,F,1343,31.4252
650,P3,BASE,100.00,90.04,194,F,1379,31.5248
660,P3,BASE,100.00,87.50,198,F,1414,31.6498
670,P3,BASE,100.00,90.00,196,F,1450,31.7498
680,P3,BASE,100.00,87.47,199,F,1485,31.8751
690,P3,BASE,100.00,92.53,194,F,1522,31.9498
700,P3,BASE,100.00,87.50,201,F,1557,32.0748
710,P3,BASE,100.00,90.00,198,F,1593,32.1748
720,P3,BASE,100.00,89.97,199,F,1629,32.2751
730,P3,BASE,100.00,87.51,202,F,1664,32.4000
740,P3,BASE,100.00,90.00,200,F,1700,32.5000
750,P3,BASE,100.00,92.50,197,F,1737,32.5750
760,P3,BASE,100.00,90.02,201,F,1773,32.6748
770,P3,BASE,100.00,95.00,195,F,1811,32.7248
780,P3,BASE,100.00,89.97,202,F,1847,32.8251
790,P3,BASE,100.00,90.01,202,F,1883,32.9250
800,P3,BASE,100.00,97.50,194,F,1922,32.9500
810,P3,BASE,100.00,92.49,200,F,1959,33.0251
820,P3,BASE,100.00,97.51,194,F,1998,33.0500
830,P3,BASE,100.00,97.46,194,F,2037,33.0754
840,P3,BASE,100.00,92.55,201,F,2074,33.1499
850,P3,BASE,100.00,97.47,195,F,2113,33.1752
860,P3,BASE,100.00,92.52,201,F,2150,33.2500
870,P3,BASE,100.00,95.00,199,F,2188,33.3000
880,P3,BASE,100.00,95.01,199,F,2226,33.3499
890,P3,BASE,100.00,97.47,196,F,2265,33.3752
900,P3,BASE,100.00,97.54,196,F,2304,33.3998
910,P3,BASE,100.00,97.49,196,F,2343,33.4249
920,P3,BASE,100.00,97.51,196,F,2382,33.4498
930,P3,BASE,100.00,97.50,197,F,2421,33.4748
940,P3,BASE,100.00,99.98,194,F,2461,33.4750
950,P3,BASE,100.00,97.51,197,F,2500,33.4999
960,P3,BASE,100.00,100.00,194,F,2540,33.4999
970,P3,BASE,100.00,100.01,194,F,2580,33.4998
980,P3,BASE,100.00,99.97,194,F,2620,33.5001
990,P3,BASE,100.00,97.52,197,F,2659,33.5249
1000,P3,BASE,100.00,100.01,194,F,2699,33.5248
1010,P3,BASE,100.00,97.50,197,F,2738,33.5498
1020,P3,BASE,100.00,97.47,197,F,2777,33.5751
1030,P3,BASE,100.00,97.52,197,F,2816,33.5999
1040,P3,BASE,100.00,94.98,201,F,2854,33.6501
1050,P3,BASE,100.00,102.53,191,F,2895,33.6248
1060,P3,BASE,100.00,112.46,179,F,2940,33.5003
1070,P3,BASE,100.00,97.53,197,F,2979,33.5250
1080,P3,BASE,100.00,90.01,207,F,3015,33.6249
1090,P3,BASE,100.00,87.49,210,F,3050,33.7500
1100,P3,BASE,100.00,99.98,195,F,3090,33.7502
1110,P3,BASE,100.00,102.53,192,F,3131,33.7249
1120,P3,BASE,100.00,99.95,195,F,3171,33.7254
1130,P3,BASE,100.00,100.05,195,F,3211,33.7249
1140,P3,BASE,100.00,102.46,192,F,3252,33.7003
1150,P3,BASE,100.00,100.02,195,F,3292,33.7001
1160,P3,BASE,100.00,99.98,195,F,3332,33.7003
1170,P3,BASE,100.00,102.52,192,F,3373,33.6751
1180,P3,BASE,100.00,100.00,195,F,3413,33.6751
1190,P3,BASE,100.00,100.01,195,F,3453,33.6750
1200,P3,BASE,100.00,100.00,195,F,3493,33.6750
1210,P3,BASE,100.00,97.51,198,F,3532,33.6999
1220,P3,BASE,100.00,97.48,198,F,3571,33.7251
1230,P3,BASE,100.00,99.99,195,F,3611,33.7252
1240,P3,BASE,100.00,97.51,198,F,3650,33.7501
1250,P3,BASE,100.00,97.49,198,F,3689,33.7752
1260,P3,BASE,100.00,102.53,192,F,3730,33.7499
1270,P3,BASE,100.00,97.47,198,F,3769,33.7752
1280,P3,BASE,100.00,102.51,192,F,3810,33.7501
1290,P3,BASE,100.00,99.99,195,F,3850,33.7502
1300,P3,BASE,100.00,97.53,198,F,3889,33.7749
1310,P3,BASE,100.00,100.00,195,F,3929,33.7749
1320,P3,BASE,100.00,94.97,202,F,3967,33.8251
1330,P3,BASE,100.00,97.50,199,F,4006,33.8502
1340,P3,BASE,100.00,97.53,199,F,4045,33.8749
1350,P3,BASE,100.00,97.47,199,F,4084,33.9002
1360,P3,BASE,100.00,99.99,196,F,4124,33.9002
1370,P3,BASE,100.00,95.04,202,F,4162,33.9499
1380,P3,BASE,100.00,97.49,200,F,4201,33.9750
1390,P3,BASE,100.00,97.48,200,F,4240,34.0002
1400,P3,BASE,100.00,97.52,200,F,4279,34.0250
1410,P3,BASE,100.00,102.48,194,F,4320,34.0002
1420,P3,BASE,100.00,100.02,197,F,4360,34.0000
1430,P3,BASE,100.00,102.49,194,F,4401,33.9751
1440,P3,BASE,100.00,102.48,193,F,4442,33.9503
1450,P3,BASE,100.00,97.51,200,F,4481,33.9752
1460,P3,BASE,100.00,100.00,197,F,4521,33.9752
1470,P3,BASE,100.00,97.53,200,F,4560,33.9999
1480,P3,BASE,100.00,97.49,200,F,4599,34.0250
1490,P3,BASE,100.00,99.99,197,F,4639,34.0251
1500,P3,BASE,100.00,102.52,194,F,4680,33.9999
1510,P3,BASE,100.00,102.50,194,F,4721,33.9749
1520,P3,BASE,100.00,100.00,197,F,4761,33.9749
1530,P3,BASE,100.00,102.48,193,F,4802,33.9501
1540,P3,BASE,100.00,99.99,196,F,4842,33.9502
1550,P3,BASE,100.00,102.52,193,F,4883,33.9250
1560,P3,BASE,100.00,102.51,193,F,4924,33.8999
1570,P3,BASE,100.00,102.50,193,F,4965,33.8749
1580,P3,BASE,100.00,102.46,193,F,5006,33.8503
1590,P3,BASE,100.00,102.52,193,F,5047,33.8251
1600,P3,BASE,100.00,100.01,196,F,5087,33.8250
1610,P3,BASE,100.00,99.99,196,F,5127,33.8251
1620,P3,BASE,100.00,99.99,196,F,5167,33.8252
1630,P3,BASE,100.00,100.02,196,F,5207,33.8250
1640,P3,BASE,100.00,99.98,196,F,5247,33.8252
1650,P3,BASE,100.00,100.00,196,F,5287,33.8252
1660,P3,BASE,100.00,105.03,189,F,5329,33.7749
1670,P3,BASE,100.00,104.96,189,F,5371,33.7253
1680,P3,BASE,100.00,92.51,205,F,5408,33.8002
1690,P3,BASE,100.00,97.53,199,F,5447,33.8249
1700,P3,BASE,100.00,99.98,196,F,5487,33.8251
1710,P3,BASE,100.00,102.49,193,F,5528,33.8002
1720,P3,BASE,100.00,102.53,192,F,5569,33.7749
1730,P3,BASE,100.00,99.98,195,F,5609,33.7751
1740,P3,BASE,100.00,102.50,192,F,5650,33.7501
1750,P3,BASE,100.00,102.49,192,F,5691,33.7252
1760,P3,BASE,100.00,100.02,195,F,5731,33.7250
1770,P3,BASE,100.00,102.48,192,F,5772,33.7002
1780,P3,BASE,100.00,100.03,195,F,5812,33.6999
1790,P3,BASE,100.00,99.98,195,F,5852,33.7001
1800,P3,BASE,100.00,99.98,195,F,5892,33.7003
1810,P3,BASE,100.00,100.04,195,F,5932,33.6999
1820,P3,BASE,100.00,95.00,201,F,5970,33.7499
1830,P3,BASE,100.00,102.41,192,F,6011,33.7258
1840,P3,BASE,100.00,97.57,198,F,6050,33.7501
1850,P3,BASE,100.00,97.50,198,F,6089,33.7751
1860,P3,BASE,100.00,102.49,192,F,6130,33.7502
1870,P3,BASE,100.00,97.52,198,F,6169,33.7750
1880,P3,BASE,100.00,102.49,192,F,6210,33.7501
1890,P3,BASE,100.00,100.01,195,F,6250,33.7500
1900,P3,BASE,100.00,97.49,198,F,6289,33.7751
1910,P3,BASE,100.00,100.02,195,F,6329,33.7749
1920,P3,BASE,100.00,97.50,199,F,6368,33.7999
1930,P3,BASE,100.00,97.46,199,F,6407,33.8253
1940,P3,BASE,100.00,95.01,202,F,6445,33.8752
1950,P3,BASE,100.00,100.01,196,F,6485,33.8751
1960,P3,BASE,100.00,97.51,199,F,6524,33.9000
1970,P3,BASE,100.00,97.42,199,F,6563,33.9258
1980,P3,BASE,100.00,97.56,199,F,6602,33.9502
1990,P3,BASE,100.00,95.02,203,F,6640,34.0000
2000,P3,BASE,100.00,100.01,197,F,6680,33.9999
2010,P3,BASE,100.00,99.98,197,F,6720,34.0001
2020,P3,BASE,100.00,100.00,197,F,6760,34.0001
2030,P3,BASE,100.00,100.01,197,F,6800,34.0000
2040,P3,BASE,100.00,102.48,194,F,6841,33.9753
2050,P3,BASE,100.00,97.50,200,F,6880,34.0003
2060,P3,BASE,100.00,100.02,197,F,6920,34.0001
2070,P3,BASE,100.00,97.50,200,F,6959,34.0251
2080,P3,BASE,100.00,97.51,200,F,6998,34.0500
2090,P3,BASE,100.00,99.96,197,F,7038,34.0504
2100,P3,BASE,100.00,102.54,194,F,7079,34.0249
2110,P3,BASE,100.00,100.00,197,F,7119,34.0249
2120,P3,BASE,100.00,99.98,197,F,7159,34.0251
2130,P3,BASE,100.00,105.02,190,F,7201,33.9749
2140,P3,BASE,100.00,99.98,197,F,7241,33.9751
2150,P3,BASE,100.00,100.02,197,F,7281,33.9749
2160,P3,BASE,100.00,105.00,190,F,7323,33.9249
2170,P3,BASE,100.00,99.96,196,F,7363,33.9253
2180,P3,BASE,100.00,105.04,190,F,7405,33.8749
2190,P3,BASE,100.00,102.47,193,F,7446,33.8502
2200,P3,BASE,100.00,100.03,196,F,7486,33.8499
2210,P3,BASE,100.00,99.98,196,F,7526,33.8501
2220,P3,BASE,100.00,100.00,196,F,7566,33.8501
2230,P3,BASE,100.00,100.01,196,F,7606,33.8500
2240,P3,BASE,100.00,99.99,196,F,7646,33.8501
2250,P3,BASE,100.00,100.02,196,F,7686,33.8499
2260,P3,BASE,100.00,102.46,193,F,7727,33.8253
2270,P3,BASE,100.00,97.51,199,F,7766,33.8502
2280,P3,BASE,100.00,102.50,193,F,7807,33.8252
2290,P3,BASE,100.00,100.00,196,F,7847,33.8252
2300,P3,BASE,100.00,100.03,196,F,7887,33.8249
2310,P3,BASE,100.00,102.50,193,F,7928,33.7999
2320,P3,BASE,100.00,99.99,196,F,7968,33.8000
2330,P3,BASE,100.00,102.51,192,F,8009,33.7749
2340,P3,BASE,100.00,102.47,192,F,8050,33.7502
2350,P3,BASE,100.00,102.49,192,F,8091,33.7253
2360,P3,BASE,100.00,100.02,195,F,8131,33.7251
2370,P3,BASE,100.00,100.01,195,F,8171,33.7250
2380,P3,BASE,100.00,100.00,195,F,8211,33.7250
2390,P3,BASE,100.00,99.99,195,F,8251,33.7251
2400,P3,BASE,100.00,102.48,192,F,8292,33.7003
2410,P3,BASE,100.00,100.00,195,F,8332,33.7003
2420,P3,BASE,100.00,95.03,201,F,8370,33.7501
2430,P3,BASE,100.00,99.98,195,F,8410,33.7503
2440,P3,BASE,100.00,97.52,198,F,8449,33.7751
2450,P3,BASE,100.00,99.98,195,F,8489,33.7753
2460,P3,BASE,100.00,100.00,195,F,8529,33.7753
2470,P3,BASE,100.00,97.51,199,F,8568,33.8002
2480,P3,BASE,100.00,102.52,192,F,8609,33.7750
2490,P3,BASE,100.00,99.96,195,F,8649,33.7754
2500,P3,BASE,100.00,97.54,198,F,8688,33.8000
2510,P3,BASE,100.00,99.99,196,F,8728,33.8001
2520,P3,BASE,100.00,97.51,199,F,8767,33.8250
2530,P3,BASE,100.00,97.47,199,F,8806,33.8503
2540,P3,BASE,100.00,97.49,199,F,8845,33.8754
2550,P3,BASE,100.00,97.54,199,F,8884,33.9000
2560,P3,BASE,100.00,97.49,199,F,8923,33.9251
2570,P3,BASE,100.00,97.50,199,F,8962,33.9501
2580,P3,BASE,100.00,99.99,196,F,9002,33.9502
2590,P3,BASE,100.00,94.99,203,F,9040,34.0003
2600,P3,BASE,100.00,97.53,200,F,9079,34.0250
2610,P3,BASE,100.00,102.47,194,F,9120,34.0003
2620,P3,BASE,100.00,99.99,197,F,9160,34.0004
2630,P3,BASE,100.00,102.51,194,F,9201,33.9753
2640,P3,BASE,100.00,102.50,193,F,9242,33.9503
2650,P3,BASE,100.00,97.49,200,F,9281,33.9754
2660,P3,BASE,100.00,97.51,200,F,9320,34.0003
2670,P3,BASE,100.00,97.51,200,F,9359,34.0252
2680,P3,BASE,100.00,100.01,197,F,9399,34.0251
2690,P3,BASE,100.00,99.93,197,F,9439,34.0258
2700,P3,BASE,100.00,100.05,197,F,9479,34.0253
2710,P3,BASE,100.00,102.50,194,F,9520,34.0003
2720,P3,BASE,100.00,100.00,197,F,9560,34.0003
2730,P3,BASE,100.00,105.00,190,F,9602,33.9503
2740,P3,BASE,100.00,100.02,196,F,9642,33.9501
2750,P3,BASE,100.00,102.49,193,F,9683,33.9252
2760,P3,BASE,100.00,102.51,193,F,9724,33.9001
2770,P3,BASE,100.00,102.49,193,F,9765,33.8752
2780,P3,BASE,100.00,104.99,190,F,9807,33.8253
2790,P3,BASE,100.00,100.01,196,F,9847,33.8252
2800,P3,BASE,100.00,102.51,193,F,9888,33.8001
2810,P3,BASE,100.00,99.99,196,F,9928,33.8002
2820,P3,BASE,100.00,99.99,196,F,9968,33.8003
2830,P3,BASE,100.00,97.53,199,F,10007,33.8250
2840,P3,BASE,100.00,99.99,196,F,10047,33.8251
2850,P3,BASE,100.00,102.49,193,F,10088,33.8002
2860,P3,BASE,100.00,107.52,186,F,10131,33.7250
2870,P3,BASE,100.00,107.48,186,F,10174,33.6502
2880,P3,BASE,100.00,85.02,214,F,10208,33.8000
2890,P3,BASE,100.00,97.49,199,F,10247,33.8251
2900,P3,BASE,100.00,100.01,196,F,10287,33.8250
2910,P3,BASE,100.00,105.00,189,F,10329,33.7750
2920,P3,BASE,100.00,104.97,189,F,10371,33.7253
2930,P3,BASE,100.00,102.51,192,F,10412,33.7002
2940,P3,BASE,100.00,104.98,189,F,10454,33.6504
2950,P3,BASE,100.00,102.51,191,F,10495,33.6253
2960,P3,BASE,100.00,102.50,191,F,10536,33.6003
2970,P3,BASE,100.00,102.50,191,F,10577,33.5753
2980,P3,BASE,100.00,105.02,188,F,10619,33.5251
2990,P3,BASE,100.00,102.47,191,F,10660,33.5004
3000,P3,BASE,100.00,102.52,191,F,10701,33.4752
3010,P3,BASE,99.50,99.98,193,F,10741,33.4704
3020,P3,BASE,99.00,100.02,192,F,10781,33.4602
3030,P3,BASE,98.50,102.51,188,F,10822,33.4201
3040,P3,BASE,98.00,99.97,191,F,10862,33.4004
3050,P3,BASE,97.50,102.52,187,F,10903,33.3502
3060,P3,BASE,97.00,100.02,189,F,10943,33.3200
3070,P3,BASE,96.50,102.50,185,F,10984,33.2600
3080,P3,BASE,96.00,102.49,184,F,11025,33.1951
3090,P3,BASE,95.50,97.51,189,F,11064,33.1750
3100,P3,BASE,95.00,100.00,186,F,11104,33.1250
3110,P3,BASE,94.50,97.49,188,F,11143,33.0951
3120,P3,BASE,94.00,95.00,190,F,11181,33.0851
3130,P3,BASE,93.50,97.51,186,F,11220,33.0450
3140,P3,BASE,93.00,95.00,189,F,11258,33.0250
3150,P3,BASE,92.50,97.42,185,F,11297,32.9758
3160,P3,BASE,92.00,95.06,187,F,11335,32.9452
3170,P3,BASE,91.50,92.48,189,F,11372,32.9354
3180,P3,BASE,91.00,95.03,185,F,11410,32.8951
3190,P3,BASE,90.50,92.51,188,F,11447,32.8750
3200,P3,BASE,90.00,95.00,184,F,11485,32.8251
3210,P3,BASE,89.50,94.97,183,F,11523,32.7703
3220,P3,BASE,89.00,95.01,182,F,11561,32.7102
3230,P3,BASE,88.50,95.01,181,F,11599,32.6451
3240,P3,BASE,88.00,94.99,180,F,11637,32.5752
3250,P3,BASE,87.50,92.50,182,F,11674,32.5252
3260,P3,BASE,87.00,92.48,181,F,11711,32.4704
3270,P3,BASE,86.50,90.03,183,F,11747,32.4352
3280,P3,BASE,86.00,90.00,183,F,11783,32.3952
3290,P3,BASE,85.50,92.51,179,F,11820,32.3251
3300,P3,BASE,85.00,89.99,181,F,11856,32.2752
3310,P3,BASE,84.50,92.47,177,F,11893,32.1954
3320,P3,BASE,84.00,92.54,175,F,11930,32.1101
3330,P3,BASE,83.50,89.98,178,F,11966,32.0452
3340,P3,BASE,83.00,92.49,173,F,12003,31.9503
3350,P3,BASE,82.50,90.02,175,F,12039,31.8752
3360,P3,BASE,82.00,92.50,171,F,12076,31.7702
3370,P3,BASE,81.50,92.51,170,F,12113,31.6601
3380,P3,BASE,81.00,89.96,172,F,12149,31.5704
3390,P3,BASE,80.50,92.51,167,F,12186,31.4503
3400,P3,BASE,80.00,92.50,166,F,12223,31.3253
3410,P3,BASE,79.50,90.01,168,F,12259,31.2202
3420,P3,BASE,79.00,90.00,167,F,12295,31.1102
3430,P3,BASE,78.50,87.49,169,F,12330,31.0203
3440,P3,BASE,78.00,87.51,167,F,12365,30.9252
3450,P3,BASE,77.50,85.01,169,F,12399,30.8502
3460,P3,BASE,77.00,87.51,165,F,12434,30.7451
3470,P3,BASE,76.50,84.98,167,F,12468,30.6602
3480,P3,BASE,76.00,92.49,157,F,12505,30.4953
3490,P3,BASE,75.50,95.03,152,F,12543,30.3000
3500,P3,BASE,75.00,87.50,159,F,12578,30.1750
3510,P3,BASE,74.50,79.98,168,F,12610,30.1203
3520,P3,BASE,74.00,72.50,176,F,12639,30.1353
3530,P3,BASE,73.50,85.02,160,F,12673,30.0201
3540,P3,BASE,73.00,84.97,159,F,12707,29.9004
3550,P3,BASE,72.50,82.53,160,F,12740,29.8000
3560,P3,BASE,72.00,87.49,153,F,12775,29.6451
3570,P3,BASE,71.50,82.50,158,F,12808,29.5351
3580,P3,BASE,71.00,82.48,156,F,12841,29.4203
3590,P3,BASE,70.50,82.47,155,F,12874,29.3006
3600,P3,BASE,70.00,82.55,154,F,12907,29.1751
3610,P3,BASE,69.50,79.99,155,F,12939,29.0702
3620,P3,BASE,69.00,79.99,154,F,12971,28.9603
3630,P3,BASE,68.50,80.02,153,F,13003,28.8451
3640,P3,BASE,68.00,80.00,152,F,13035,28.7251
3650,P3,BASE,67.50,77.51,153,F,13066,28.6250
3660,P3,BASE,67.00,79.98,149,F,13098,28.4953
3670,P3,BASE,66.50,77.50,151,F,13129,28.3853
3680,P3,BASE,66.00,75.00,153,F,13159,28.2953
3690,P3,BASE,65.50,75.02,152,F,13189,28.2001
3700,P3,BASE,65.00,74.98,150,F,13219,28.1003
3710,P3,BASE,64.50,72.50,152,F,13248,28.0203
3720,P3,BASE,64.00,72.52,151,F,13277,27.9351
3730,P3,BASE,63.50,72.50,150,F,13306,27.8451
3740,P3,BASE,63.00,72.48,149,F,13335,27.7503
3750,P3,BASE,62.50,70.01,151,F,13363,27.6752
3760,P3,BASE,62.00,72.51,147,F,13392,27.5701
3770,P3,BASE,61.50,72.49,146,F,13421,27.4602
3780,P3,BASE,61.00,70.01,147,F,13449,27.3701
3790,P3,BASE,60.50,65.00,153,F,13475,27.3251
3800,P3,BASE,60.00,70.00,145,F,13503,27.2251
3810,P3,BASE,59.50,67.51,147,F,13530,27.1451
3820,P3,BASE,59.00,65.00,149,F,13556,27.0851
3830,P3,BASE,58.50,64.99,148,F,13582,27.0202
3840,P3,BASE,58.00,65.01,147,F,13608,26.9501
3850,P3,BASE,57.50,65.00,146,F,13634,26.8751
3860,P3,BASE,57.00,62.49,148,F,13659,26.8202
3870,P3,BASE,56.50,62.49,147,F,13684,26.7603
3880,P3,BASE,56.00,62.49,147,F,13709,26.6953
3890,P3,BASE,55.50,62.51,145,F,13734,26.6253
3900,P3,BASE,55.00,62.50,144,F,13759,26.5503
3910,P3,BASE,54.50,60.01,147,F,13783,26.4951
3920,P3,BASE,54.00,62.50,142,F,13808,26.4101
3930,P3,BASE,53.50,57.51,148,F,13831,26.3701
3940,P3,BASE,53.00,59.98,144,F,13855,26.3003
3950,P3,BASE,52.50,60.00,143,F,13879,26.2253
3960,P3,BASE,52.00,60.01,141,F,13903,26.1451
3970,P3,BASE,51.50,60.00,140,F,13927,26.0601
3980,P3,BASE,51.00,57.49,142,F,13950,25.9953
3990,P3,BASE,50.50,60.02,138,F,13974,25.9001
4000,P3,BASE,50.00,59.99,137,F,13998,25.8002
4010,P3,BASE,49.50,57.51,139,F,14021,25.7201
4020,P3,BASE,49.00,57.49,138,F,14044,25.6352
4030,P3,BASE,48.50,55.01,140,F,14066,25.5701
4040,P3,BASE,48.00,57.50,136,F,14089,25.4751
4050,P3,BASE,47.50,55.00,138,F,14111,25.4001
4060,P3,BASE,47.00,52.49,140,F,14132,25.3452
4070,P3,BASE,46.50,55.01,136,F,14154,25.2601
4080,P3,BASE,46.00,52.49,138,F,14175,25.1951
4090,P3,BASE,45.50,55.00,134,F,14197,25.1001
4100,P3,BASE,45.00,52.51,136,F,14218,25.0251
4110,P3,BASE,44.50,52.49,135,F,14239,24.9452
4120,P3,BASE,44.00,50.01,137,F,14259,24.8851
4130,P3,BASE,43.50,54.99,129,F,14281,24.7702
4140,P3,BASE,43.00,50.01,134,F,14301,24.7002
4150,P3,BASE,42.50,52.50,130,F,14322,24.6002
4160,P3,BASE,42.00,49.99,132,F,14342,24.5203
4170,P3,BASE,41.50,50.02,131,F,14362,24.4351
4180,P3,BASE,41.00,50.00,130,F,14382,24.3451
4190,P3,BASE,40.50,49.99,129,F,14402,24.2502
4200,P3,BASE,40.00,45.00,134,F,14420,24.2001
4210,P3,BASE,39.50,47.50,130,F,14439,24.1201
4220,P3,BASE,39.00,47.49,129,F,14458,24.0353
4230,P3,BASE,38.50,45.01,131,F,14476,23.9702
4240,P3,BASE,38.00,44.99,130,F,14494,23.9003
4250,P3,BASE,37.50,47.51,125,F,14513,23.8002
4260,P3,BASE,37.00,42.50,131,F,14530,23.7452
4270,P3,BASE,36.50,45.00,126,F,14548,23.6602
4280,P3,BASE,36.00,42.50,129,F,14565,23.5952
4290,P3,BASE,35.50,45.00,124,F,14583,23.5002
4300,P3,BASE,35.00,42.51,126,F,14600,23.4251
4310,P3,BASE,34.50,42.49,125,F,14617,23.3452
4320,P3,BASE,34.00,40.00,127,F,14633,23.2853
4330,P3,BASE,33.50,42.52,123,F,14650,23.1951
4340,P3,BASE,33.00,37.50,128,F,14665,23.1501
4350,P3,BASE,32.50,39.99,124,F,14681,23.0752
4360,P3,BASE,32.00,40.01,123,F,14697,22.9951
4370,P3,BASE,31.50,37.50,125,F,14712,22.9351
4380,P3,BASE,31.00,37.50,124,F,14727,22.8702
4390,P3,BASE,30.50,37.50,123,F,14742,22.8001
4400,P3,BASE,30.00,37.50,122,F,14757,22.7251
4410,P3,BASE,29.50,34.99,124,F,14771,22.6702
4420,P3,BASE,29.00,37.50,120,F,14786,22.5852
4430,P3,BASE,28.50,35.00,122,F,14800,22.5202
4440,P3,BASE,28.00,37.50,118,F,14815,22.4252
4450,P3,BASE,27.50,35.01,120,F,14829,22.3501
4460,P3,BASE,27.00,32.49,122,F,14842,22.2952
4470,P3,BASE,26.50,35.00,118,F,14856,22.2102
4480,P3,BASE,26.00,35.00,117,F,14870,22.1202
4490,P3,BASE,25.50,35.00,116,F,14884,22.0252
4500,P3,BASE,25.00,32.51,118,F,14897,21.9501
4510,P3,BASE,24.50,32.50,117,F,14910,21.8701
4520,P3,BASE,24.00,34.99,112,F,14924,21.7602
4530,P3,BASE,23.50,32.51,114,F,14937,21.6701
4540,P3,BASE,23.00,29.99,116,F,14949,21.6002
4550,P3,BASE,22.50,30.01,115,F,14961,21.5251
4560,P3,BASE,22.00,32.49,111,F,14974,21.4202
4570,P3,BASE,21.50,30.01,113,F,14986,21.3351
4580,P3,BASE,21.00,32.50,109,F,14999,21.2201
4590,P3,BASE,20.50,29.99,111,F,15011,21.1252
4600,P3,BASE,20.00,25.01,116,F,15021,21.0751
4610,P3,BASE,19.50,29.99,108,F,15033,20.9702
4620,P3,BASE,19.00,27.50,110,F,15044,20.8852
4630,P3,BASE,18.50,27.50,109,F,15055,20.7952
4640,P3,BASE,18.00,27.49,108,F,15066,20.7002
4650,P3,BASE,17.50,25.00,110,F,15076,20.6252
4660,P3,BASE,17.00,25.01,109,F,15086,20.5451
4670,P3,BASE,16.50,27.50,105,F,15097,20.4352
4680,P3,BASE,16.00,24.99,107,F,15107,20.3452
4690,P3,BASE,15.50,22.51,109,F,15116,20.2752
4700,P3,BASE,15.00,25.00,104,F,15126,20.1752
4710,P3,BASE,14.50,22.50,106,F,15135,20.0952
4720,P3,BASE,14.00,22.50,105,F,15144,20.0102
4730,P3,BASE,13.50,20.00,107,F,15152,19.9452
4740,P3,BASE,13.00,22.49,103,F,15161,19.8503
4750,P3,BASE,12.50,20.00,105,F,15169,19.7752
4760,P3,BASE,12.00,22.50,101,F,15178,19.6703
4770,P3,BASE,11.50,17.50,106,F,15185,19.6102
4780,P3,BASE,11.00,20.00,102,F,15193,19.5202
4790,P3,BASE,10.50,17.50,104,F,15200,19.4502
4800,P3,BASE,10.00,17.51,103,F,15207,19.3752
4810,P3,BASE,9.50,15.00,105,F,15213,19.3202
4820,P3,BASE,9.00,17.49,101,F,15220,19.2353
4830,P3,BASE,8.50,15.00,103,F,15226,19.1703
4840,P3,BASE,8.00,15.00,102,F,15232,19.1002
4850,P3,BASE,7.50,15.00,101,F,15238,19.0252
4860,P3,BASE,7.00,15.00,100,F,15244,18.9452
4870,P3,BASE,6.50,12.50,102,F,15249,18.8852
4880,P3,BASE,6.00,12.50,101,F,15254,18.8202
4890,P3,BASE,5.50,12.50,100,F,15259,18.7502
4900,P3,BASE,5.00,10.00,102,F,15263,18.7002
4910,P3,BASE,4.50,12.50,98,F,15268,18.6202
4920,P3,BASE,4.00,10.00,100,F,15272,18.5602
4930,P3,BASE,3.50,10.00,99,F,15276,18.4952
4940,P3,BASE,3.00,12.50,95,F,15281,18.4002
4950,P3,BASE,2.50,7.50,100,F,15284,18.3502
4960,P3,BASE,2.00,7.50,99,F,15287,18.2952
4970,P3,BASE,1.50,7.50,98,F,15290,18.2352
4980,P3,BASE,1.00,7.50,97,F,15293,18.1702
4990,P3,BASE,0.50,10.00,93,F,15297,18.0752
5000,P3,BASE,0.00,7.50,95,F,15300,18.0002
5010,P3,BASE,-0.50,5.00,97,F,15302,17.9452
5020,P3,BASE,-1.00,5.00,96,F,15304,17.8852
5030,P3,BASE,-1.50,2.50,98,F,15305,17.8452
5040,P3,BASE,-2.00,2.50,97,F,15306,17.8002
5050,P3,BASE,-2.50,0.00,100,F,15306,17.7752
5060,P3,BASE,-3.00,0.00,99,F,15306,17.7452
5070,P3,BASE,-3.50,0.00,98,F,15306,17.7102
5080,P3,BASE,-4.00,0.00,97,F,15306,17.6702
5090,P3,BASE,-4.50,0.00,96,F,15306,17.6252
5100,P3,BASE,-5.00,0.00,95,F,15306,17.5752
5110,P3,BASE,-5.50,0.00,94,F,15306,17.5202
5120,P3,BASE,-6.00,0.00,94,F,15306,17.4602
5130,P3,BASE,-6.50,0.00,93,F,15306,17.3952
5140,P3,BASE,-7.00,0.00,92,F,15306,17.3252
5150,P3,BASE,-7.50,0.00,91,F,15306,17.2502
5160,P3,BASE,-8.00,0.00,89,F,15306,17.1702
5170,P3,BASE,-8.50,0.00,88,F,15306,17.0852
5180,P3,BASE,-9.00,0.00,87,F,15306,16.9952
5190,P3,BASE,-9.50,0.00,86,F,15306,16.9002
5200,P3,BASE,-10.00,0.00,85,F,15306,16.8002
5210,P3,BASE,-10.50,0.00,84,F,15306,16.6952
5220,P3,BASE,-11.00,0.00,82,F,15306,16.5852
5230,P3,BASE,-11.50,0.00,81,F,15306,16.4702
5240,P3,BASE,-12.00,0.00,80,F,15306,16.3502
5250,P3,BASE,-12.50,0.00,79,F,15306,16.2252
5260,P3,BASE,-13.00,0.00,77,F,15306,16.0952
5270,P3,BASE,-13.50,0.00,76,F,15306,15.9602
5280,P3,BASE,-14.00,0.00,74,F,15306,15.8202
5290,P3,BASE,-14.50,0.00,73,F,15306,15.6752
5300,P3,BASE,-15.00,0.00,71,F,15306,15.5252
5310,P3,BASE,-15.50,0.00,70,F,15306,15.3702
5320,P3,BASE,-16.00,0.00,68,F,15306,15.2102
5330,P3,BASE,-16.50,0.00,67,F,15306,15.0452
5340,P3,BASE,-17.00,0.00,65,F,15306,14.8752
5350,P3,BASE,-17.50,0.00,64,F,15306,14.7002
5360,P3,BASE,-18.00,0.00,62,F,15306,14.5202
5370,P3,BASE,-18.50,0.00,60,F,15306,14.3352
5380,P3,BASE,-19.00,0.00,59,F,15306,14.1452
5390,P3,BASE,-19.50,0.00,57,F,15306,13.9502
5400,P3,BASE,-20.00,0.00,55,F,15306,13.7502
5410,P3,BASE,-20.50,0.00,53,F,15306,13.5452
5420,P3,BASE,-21.00,0.00,52,F,15306,13.3352
5430,P3,BASE,-21.50,0.00,50,F,15306,13.1202
5440,P3,BASE,-22.00,0.00,48,F,15306,12.9002
5450,P3,BASE,-22.50,0.00,46,F,15306,12.6752
5460,P3,BASE,-23.00,0.00,44,F,15306,12.4452
5470,P3,BASE,-23.50,0.00,42,F,15306,12.2102
5480,P3,BASE,-24.00,0.00,40,F,15306,11.9702
5490,P3,BASE,-24.50,0.00,38,F,15306,11.7252
5500,P3,BASE,-25.00,0.00,36,F,15306,11.4752
5510,P3,BASE,-25.50,0.00,34,F,15306,11.2202
5520,P3,BASE,-26.00,0.00,32,F,15306,10.9602
5530,P3,BASE,-26.50,0.00,30,F,15306,10.6952
5540,P3,BASE,-27.00,0.00,27,F,15306,10.4252
5550,P3,BASE,-27.50,0.00,25,F,15306,10.1502
5560,P3,BASE,-28.00,0.00,23,F,15306,9.8702
5570,P3,BASE,-28.50,0.00,21,F,15306,9.5852
5580,P3,BASE,-29.00,0.00,19,F,15306,9.2952
5590,P3,BASE,-29.50,0.00,16,F,15306,9.0002
5600,P3,BASE,-30.00,0.00,14,F,15306,8.7002
5610,P3,BASE,-30.50,0.00,11,F,15306,8.3952
5620,P3,BASE,-31.00,0.00,9,F,15306,8.0852
5630,P3,BASE,-31.50,0.00,7,F,15306,7.7702
5640,P3,BASE,-32.00,0.00,4,F,15306,7.4502
5650,P3,BASE,-32.50,0.00,2,F,15306,7.1252
5660,P3,BASE,-33.00,0.00,0,N,15306,6.7952
5670,P3,BASE,-33.50,0.00,-2,R,15306,6.4602
5680,P3,BASE,-34.00,0.00,-5,R,15306,6.1202
5690,P3,BASE,-34.50,0.00,-8,R,15306,5.7752
5700,P3,BASE,-35.00,0.00,-10,R,15306,5.4252
5710,P3,BASE,-35.50,0.00,-13,R,15306,5.0702
5720,P3,BASE,-36.00,0.00,-16,R,15306,4.7102
5730,P3,BASE,-36.50,0.00,-18,R,15306,4.3452
5740,P3,BASE,-37.00,0.00,-21,R,15306,3.9752
5750,P3,BASE,-37.50,0.00,-24,R,15306,3.6002
5760,P3,BASE,-38.00,0.00,-27,R,15306,3.2202
5770,P3,BASE,-38.50,0.00,-29,R,15306,2.8352
5780,P3,BASE,-39.00,0.00,-32,R,15306,2.4452
5790,P3,BASE,-39.50,0.00,-35,R,15306,2.0502
5800,P3,BASE,-40.00,0.00,-38,R,15306,1.6502
5810,P3,BASE,-40.50,0.00,-41,R,15306,1.2452
5820,P3,BASE,-41.00,0.00,-44,R,15306,0.8352
5830,P3,BASE,-41.50,0.00,-47,R,15306,0.4202
5840,P3,BASE,-42.00,0.00,-50,R,15306,0.0002
5850,P3,BASE,-42.50,0.00,-53,R,15306,-0.4248
5860,P3,BASE,-43.00,0.00,-56,R,15306,-0.8548
5870,P3,BASE,-43.50,0.00,-59,R,15306,-1.2898
5880,P3,BASE,-44.00,0.00,-62,R,15306,-1.7298
5890,P3,BASE,-44.50,0.00,-66,R,15306,-2.1748
5900,P3,BASE,-45.00,0.00,-69,R,15306,-2.6248
5910,P3,BASE,-45.50,0.00,-72,R,15306,-3.0798
5920,P3,BASE,-46.00,0.00,-75,R,15306,-3.5398
5930,P3,BASE,-46.50,0.00,-79,R,15306,-4.0048
5940,P3,BASE,-47.00,0.00,-82,R,15306,-4.4748
5950,P3,BASE,-47.50,0.00,-85,R,15306,-4.9498
5960,P3,BASE,-48.00,0.00,-89,R,15306,-5.4298
5970,P3,BASE,-48.50,0.00,-92,R,15306,-5.9148
5980,P3,BASE,-49.00,0.00,-96,R,15306,-6.4048
5990,P3,BASE,-49.50,0.00,-99,R,15306,-6.8998
6000,P3,BASE,-50.00,0.00,-103,R,15306,-7.3998
6010,P3,BASE,-50.50,0.00,-106,R,15306,-7.9048
6020,P3,BASE,-51.00,0.00,-110,R,15306,-8.4148
6030,P3,BASE,-51.50,0.00,-113,R,15306,-8.9298
6040,P3,BASE,-52.00,0.00,-117,R,15306,-9.4498
6050,P3,BASE,-52.50,0.00,-121,R,15306,-9.9748
6060,P3,BASE,-53.00,0.00,-124,R,15306,-10.5048
6070,P3,BASE,-53.50,0.00,-128,R,15306,-11.0398
6080,P3,BASE,-54.00,0.00,-132,R,15306,-11.5798
6090,P3,BASE,-54.50,0.00,-135,R,15306,-12.1248
6100,P3,BASE,-55.00,0.00,-139,R,15306,-12.6748
6110,P3,BASE,-55.50,0.00,-143,R,15306,-13.2298
6120,P3,BASE,-56.00,-2.50,-144,R,15305,-13.7648
6130,P3,BASE,-56.50,-2.50,-147,R,15304,-14.3048
6140,P3,BASE,-57.00,-10.00,-142,R,15300,-14.7748
6150,P3,BASE,-57.50,-10.00,-145,R,15296,-15.2498
6160,P3,BASE,-58.00,-12.50,-145,R,15291,-15.7048
6170,P3,BASE,-58.50,-15.00,-145,R,15285,-16.1398
6180,P3,BASE,-59.00,-17.50,-145,R,15278,-16.5548
6190,P3,BASE,-59.50,-17.50,-148,R,15271,-16.9748
6200,P3,BASE,-60.00,-17.50,-152,R,15264,-17.3998
6210,P3,BASE,-60.50,-20.00,-151,R,15256,-17.8048
6220,P3,BASE,-61.00,-22.50,-151,R,15247,-18.1898
6230,P3,BASE,-61.50,-25.00,-151,R,15237,-18.5548
6240,P3,BASE,-62.00,-27.50,-151,R,15226,-18.8998
6250,P3,BASE,-62.50,-27.50,-153,R,15215,-19.2498
6260,P3,BASE,-63.00,-30.00,-153,R,15203,-19.5798
6270,P3,BASE,-63.50,-27.50,-158,R,15192,-19.9398
6280,P3,BASE,-64.00,-35.01,-152,R,15178,-20.2297
6290,P3,BASE,-64.50,-29.99,-160,R,15166,-20.5748
6300,P3,BASE,-65.00,-34.99,-157,R,15152,-20.8749
6310,P3,BASE,-65.50,-35.01,-159,R,15138,-21.1798
6320,P3,BASE,-66.00,-37.50,-158,R,15123,-21.4648
6330,P3,BASE,-66.50,-37.50,-161,R,15108,-21.7547
6340,P3,BASE,-67.00,-37.50,-163,R,15093,-22.0497
6350,P3,BASE,-67.50,-40.00,-162,R,15077,-22.3247
6360,P3,BASE,-68.00,-37.50,-167,R,15062,-22.6297
6370,P3,BASE,-68.50,-42.49,-164,R,15045,-22.8898
6380,P3,BASE,-69.00,-42.50,-166,R,15028,-23.1548
6390,P3,BASE,-69.50,-39.99,-171,R,15012,-23.4499
6400,P3,BASE,-70.00,-47.48,-164,R,14993,-23.6751
6410,P3,BASE,-70.50,-45.03,-169,R,14975,-23.9298
6420,P3,BASE,-71.00,-45.00,-171,R,14957,-24.1898
6430,P3,BASE,-71.50,-47.49,-170,R,14938,-24.4299
6440,P3,BASE,-72.00,-50.00,-169,R,14918,-24.6499
6450,P3,BASE,-72.50,-50.02,-171,R,14898,-24.8747
6460,P3,BASE,-73.00,-49.99,-173,R,14878,-25.1048
6470,P3,BASE,-73.50,-52.50,-172,R,14857,-25.3148
6480,P3,BASE,-74.00,-52.49,-173,R,14836,-25.5298
6490,P3,BASE,-74.50,-52.50,-175,R,14815,-25.7498
6500,P3,BASE,-75.00,-57.51,-171,R,14792,-25.9247
6510,P3,BASE,-75.50,-55.01,-176,R,14770,-26.1297
6520,P3,BASE,-76.00,-57.48,-174,R,14747,-26.3149
6530,P3,BASE,-76.50,-57.51,-176,R,14724,-26.5049
6540,P3,BASE,-77.00,-60.01,-175,R,14700,-26.6748
6550,P3,BASE,-77.50,-62.51,-173,R,14675,-26.8247
6560,P3,BASE,-78.00,-59.98,-178,R,14651,-27.0049
6570,P3,BASE,-78.50,-62.50,-176,R,14626,-27.1649
6580,P3,BASE,-79.00,-65.01,-175,R,14600,-27.3048
6590,P3,BASE,-79.50,-62.49,-179,R,14575,-27.4749
6600,P3,BASE,-80.00,-65.00,-178,R,14549,-27.6249
6610,P3,BASE,-80.50,-67.50,-176,R,14522,-27.7549
6620,P3,BASE,-81.00,-67.52,-177,R,14495,-27.8897
6630,P3,BASE,-81.50,-67.47,-179,R,14468,-28.0299
6640,P3,BASE,-82.00,-65.02,-183,R,14442,-28.1997
6650,P3,BASE,-82.50,-70.00,-179,R,14414,-28.3247
6660,P3,BASE,-83.00,-69.99,-180,R,14386,-28.4549
6670,P3,BASE,-83.50,-70.00,-182,R,14358,-28.5899
6680,P3,BASE,-84.00,-72.51,-180,R,14329,-28.7048
6690,P3,BASE,-84.50,-75.01,-178,R,14299,-28.7996
6700,P3,BASE,-85.00,-77.50,-176,R,14268,-28.8746
6710,P3,BASE,-85.50,-69.97,-187,R,14240,-29.0299
6720,P3,BASE,-86.00,-75.02,-182,R,14210,-29.1397
6730,P3,BASE,-86.50,-77.48,-180,R,14179,-29.2299
6740,P3,BASE,-87.00,-75.01,-184,R,14149,-29.3498
6750,P3,BASE,-87.50,-75.01,-185,R,14119,-29.4746
6760,P3,BASE,-88.00,-77.50,-184,R,14088,-29.5796
6770,P3,BASE,-88.50,-77.50,-185,R,14057,-29.6896
6780,P3,BASE,-89.00,-82.49,-180,R,14024,-29.7547
6790,P3,BASE,-89.50,-80.01,-184,R,13992,-29.8496
6800,P3,BASE,-90.00,-82.49,-182,R,13959,-29.9247
6810,P3,BASE,-90.50,-80.00,-186,R,13927,-30.0297
6820,P3,BASE,-91.00,-82.49,-184,R,13894,-30.1148
6830,P3,BASE,-91.50,-80.01,-189,R,13862,-30.2297
6840,P3,BASE,-92.00,-79.98,-190,R,13830,-30.3499
6850,P3,BASE,-92.50,-82.50,-188,R,13797,-30.4499
6860,P3,BASE,-93.00,-80.00,-192,R,13765,-30.5799
6870,P3,BASE,-93.50,-85.03,-188,R,13731,-30.6646
6880,P3,BASE,-94.00,-84.97,-189,R,13697,-30.7550
6890,P3,BASE,-94.50,-87.54,-187,R,13662,-30.8246
6900,P3,BASE,-95.00,-87.50,-188,R,13627,-30.8996
6910,P3,BASE,-95.50,-89.97,-186,R,13591,-30.9549
6920,P3,BASE,-96.00,-89.99,-187,R,13555,-31.0150
6930,P3,BASE,-96.50,-87.52,-191,R,13520,-31.1048
6940,P3,BASE,-97.00,-92.52,-186,R,13483,-31.1496
6950,P3,BASE,-97.50,-90.00,-190,R,13447,-31.2246
6960,P3,BASE,-98.00,-92.48,-188,R,13410,-31.2798
6970,P3,BASE,-98.50,-90.02,-192,R,13374,-31.3646
6980,P3,BASE,-99.00,-92.47,-190,R,13337,-31.4299
6990,P3,BASE,-99.50,-92.52,-191,R,13300,-31.4997
7000,P3,BASE,-100.00,-92.48,-192,R,13263,-31.5749
7010,P3,BASE,-100.00,-90.03,-195,R,13227,-31.6746
7020,P3,BASE,-100.00,-92.47,-193,R,13190,-31.7499
7030,P3,BASE,-100.00,-95.03,-190,R,13152,-31.7996
7040,P3,BASE,-100.00,-94.98,-190,R,13114,-31.8498
7050,P3,BASE,-100.00,-95.01,-191,R,13076,-31.8997
7060,P3,BASE,-100.00,-94.99,-191,R,13038,-31.9498
7070,P3,BASE,-100.00,-97.52,-188,R,12999,-31.9746
7080,P3,BASE,-100.00,-97.46,-188,R,12960,-32.0000
7090,P3,BASE,-100.00,-97.51,-188,R,12921,-32.0249
7100,P3,BASE,-100.00,-95.00,-192,R,12883,-32.0749
7110,P3,BASE,-100.00,-97.51,-189,R,12844,-32.0998
7120,P3,BASE,-100.00,-99.99,-186,R,12804,-32.0999
7130,P3,BASE,-100.00,-97.52,-189,R,12765,-32.1247
7140,P3,BASE,-100.00,-99.94,-186,R,12725,-32.1253
7150,P3,BASE,-100.00,-97.55,-189,R,12686,-32.1498
7160,P3,BASE,-100.00,-95.02,-192,R,12648,-32.1996
7170,P3,BASE,-100.00,-95.00,-193,R,12610,-32.2496
7180,P3,BASE,-100.00,-97.47,-190,R,12571,-32.2749
7190,P3,BASE,-100.00,-97.49,-190,R,12532,-32.3000
7200,P3,BASE,-100.00,-97.52,-190,R,12493,-32.3248
7210,P3,BASE,-100.00,-99.99,-187,R,12453,-32.3249
7220,P3,BASE,-100.00,-97.51,-190,R,12414,-32.3498
7230,P3,BASE,-100.00,-99.99,-187,R,12374,-32.3499
7240,P3,BASE,-100.00,-97.51,-190,R,12335,-32.3748
7250,P3,BASE,-100.00,-100.01,-187,R,12295,-32.3747
7260,P3,BASE,-100.00,-99.99,-187,R,12255,-32.3748
7270,P3,BASE,-100.00,-100.00,-187,R,12215,-32.3748
7280,P3,BASE,-100.00,-99.99,-187,R,12175,-32.3749
7290,P3,BASE,-100.00,-97.51,-190,R,12136,-32.3998
7300,P3,BASE,-100.00,-100.00,-187,R,12096,-32.3998
7310,P3,BASE,-100.00,-97.52,-191,R,12057,-32.4246
7320,P3,BASE,-100.00,-94.98,-194,R,12019,-32.4748
7330,P3,BASE,-100.00,-102.45,-185,R,11978,-32.4503
7340,P3,BASE,-100.00,-97.54,-191,R,11939,-32.4749
7350,P3,BASE,-100.00,-100.02,-188,R,11899,-32.4747
7360,P3,BASE,-100.00,-99.99,-188,R,11859,-32.4748
7370,P3,BASE,-100.00,-102.50,-185,R,11818,-32.4498
7380,P3,BASE,-100.00,-92.49,-197,R,11781,-32.5249
7390,P3,BASE,-100.00,-97.51,-191,R,11742,-32.5498
7400,P3,BASE,-100.00,-95.01,-195,R,11704,-32.5997
7410,P3,BASE,-100.00,-99.98,-189,R,11664,-32.5999
7420,P3,BASE,-100.00,-99.95,-189,R,11624,-32.6004
7430,P3,BASE,-100.00,-100.08,-188,R,11584,-32.5996
7440,P3,BASE,-100.00,-99.99,-189,R,11544,-32.5997
7450,P3,BASE,-100.00,-97.51,-192,R,11505,-32.6246
7460,P3,BASE,-100.00,-100.00,-189,R,11465,-32.6246
7470,P3,BASE,-100.00,-97.41,-192,R,11426,-32.6505
7480,P3,BASE,-100.00,-95.07,-195,R,11388,-32.6998
7490,P3,BASE,-100.00,-97.47,-192,R,11349,-32.7251
7500,P3,BASE,-100.00,-100.02,-189,R,11309,-32.7249
7510,P3,BASE,-100.00,-100.00,-189,R,11269,-32.7249
7520,P3,BASE,-100.00,-97.51,-192,R,11230,-32.7498
7530,P3,BASE,-100.00,-102.52,-186,R,11189,-32.7246
7540,P3,BASE,-100.00,-99.99,-189,R,11149,-32.7247
7550,P3,BASE,-100.00,-100.01,-189,R,11109,-32.7246
7560,P3,BASE,-100.00,-102.49,-186,R,11068,-32.6997
7570,P3,BASE,-100.00,-100.00,-189,R,11028,-32.6997
7580,P3,BASE,-100.00,-100.01,-189,R,10988,-32.6996
7590,P3,BASE,-100.00,-100.00,-189,R,10948,-32.6996
7600,P3,BASE,-100.00,-97.48,-192,R,10909,-32.7248
7610,P3,BASE,-100.00,-97.52,-192,R,10870,-32.7496
7620,P3,BASE,-100.00,-97.49,-193,R,10831,-32.7747
7630,P3,BASE,-100.00,-97.49,-193,R,10792,-32.7998
7640,P3,BASE,-100.00,-100.00,-190,R,10752,-32.7998
7650,P3,BASE,-100.00,-100.00,-190,R,10712,-32.7998
7660,P3,BASE,-100.00,-97.49,-193,R,10673,-32.8249
7670,P3,BASE,-100.00,-99.99,-190,R,10633,-32.8250
7680,P3,BASE,-100.00,-102.49,-187,R,10592,-32.8001
7690,P3,BASE,-100.00,-97.53,-193,R,10553,-32.8248
7700,P3,BASE,-100.00,-99.98,-190,R,10513,-32.8250
7710,P3,BASE,-100.00,-102.51,-187,R,10472,-32.7999
7720,P3,BASE,-100.00,-100.00,-190,R,10432,-32.7999
7730,P3,BASE,-100.00,-102.50,-187,R,10391,-32.7749
7740,P3,BASE,-100.00,-102.49,-186,R,10350,-32.7500
7750,P3,BASE,-100.00,-100.01,-189,R,10310,-32.7499
7760,P3,BASE,-100.00,-100.03,-189,R,10270,-32.7496
7770,P3,BASE,-100.00,-99.99,-189,R,10230,-32.7497
7780,P3,BASE,-100.00,-97.47,-193,R,10191,-32.7750
7790,P3,BASE,-100.00,-97.51,-193,R,10152,-32.7999
7800,P3,BASE,-100.00,-102.50,-187,R,10111,-32.7749
7810,P3,BASE,-100.00,-100.00,-190,R,10071,-32.7749
7820,P3,BASE,-100.00,-100.03,-190,R,10031,-32.7746
7830,P3,BASE,-100.00,-102.46,-186,R,9990,-32.7500
7840,P3,BASE,-100.00,-97.54,-193,R,9951,-32.7746
7850,P3,BASE,-100.00,-99.98,-190,R,9911,-32.7748
7860,P3,BASE,-100.00,-105.01,-183,R,9869,-32.7247
7870,P3,BASE,-100.00,-100.01,-189,R,9829,-32.7246
7880,P3,BASE,-100.00,-102.48,-186,R,9788,-32.6998
7890,P3,BASE,-100.00,-100.02,-189,R,9748,-32.6996
7900,P3,BASE,-100.00,-99.97,-189,R,9708,-32.6999
7910,P3,BASE,-100.00,-100.01,-189,R,9668,-32.6998
7920,P3,BASE,-100.00,-97.51,-192,R,9629,-32.7247
7930,P3,BASE,-100.00,-97.49,-192,R,9590,-32.7498
7940,P3,BASE,-100.00,-100.02,-189,R,9550,-32.7496
7950,P3,BASE,-100.00,-100.00,-189,R,9510,-32.7496
7960,P3,BASE,-100.00,-102.50,-186,R,9469,-32.7246
7970,P3,BASE,-100.00,-102.49,-186,R,9428,-32.6997
7980,P3,BASE,-100.00,-95.01,-195,R,9390,-32.7496
7990,P3,BASE,-100.00,-94.97,-196,R,9352,-32.7999
8000,P3,BASE,-100.00,-97.50,-193,R,9313,-32.8249
8010,P3,BASE,-100.00,-100.02,-190,R,9273,-32.8247
8020,P3,BASE,-100.00,-95.00,-196,R,9235,-32.8747
8030,P3,BASE,-100.00,-102.49,-187,R,9194,-32.8498
8040,P3,BASE,-100.00,-102.50,-187,R,9153,-32.8248
8050,P3,BASE,-100.00,-100.01,-190,R,9113,-32.8247
8060,P3,BASE,-100.00,-97.48,-193,R,9074,-32.8499
8070,P3,BASE,-100.00,-100.01,-190,R,9034,-32.8498
8080,P3,BASE,-100.00,-97.50,-193,R,8995,-32.8748
8090,P3,BASE,-100.00,-95.01,-196,R,8957,-32.9247
8100,P3,BASE,-100.00,-99.99,-190,R,8917,-32.9248
8110,P3,BASE,-100.00,-99.98,-190,R,8877,-32.9250
8120,P3,BASE,-100.00,-100.02,-190,R,8837,-32.9248
8130,P3,BASE,-100.00,-102.52,-187,R,8796,-32.8996
8140,P3,BASE,-100.00,-99.99,-190,R,8756,-32.8997
8150,P3,BASE,-100.00,-99.98,-190,R,8716,-32.8999
8160,P3,BASE,-100.00,-105.02,-184,R,8674,-32.8497
8170,P3,BASE,-100.00,-99.98,-190,R,8634,-32.8499
8180,P3,BASE,-100.00,-100.00,-190,R,8594,-32.8499
8190,P3,BASE,-100.00,-100.02,-190,R,8554,-32.8497
8200,P3,BASE,-100.00,-100.00,-190,R,8514,-32.8497
8210,P3,BASE,-100.00,-97.50,-193,R,8475,-32.8747
8220,P3,BASE,-100.00,-99.99,-190,R,8435,-32.8748
8230,P3,BASE,-100.00,-97.52,-193,R,8396,-32.8996
8240,P3,BASE,-100.00,-97.47,-193,R,8357,-32.9249
8250,P3,BASE,-100.00,-100.03,-190,R,8317,-32.9246
8260,P3,BASE,-100.00,-100.00,-190,R,8277,-32.9246
8270,P3,BASE,-100.00,-97.47,-194,R,8238,-32.9499
8280,P3,BASE,-100.00,-102.52,-187,R,8197,-32.9247
8290,P3,BASE,-100.00,-100.01,-190,R,8157,-32.9246
8300,P3,BASE,-100.00,-99.99,-190,R,8117,-32.9247
8310,P3,BASE,-100.00,-102.49,-187,R,8076,-32.8998
8320,P3,BASE,-100.00,-100.02,-190,R,8036,-32.8996
8330,P3,BASE,-100.00,-102.50,-187,R,7995,-32.8746
8340,P3,BASE,-100.00,-99.99,-190,R,7955,-32.8747
8350,P3,BASE,-100.00,-99.97,-190,R,7915,-32.8750
8360,P3,BASE,-100.00,-100.01,-190,R,7875,-32.8749
8370,P3,BASE,-100.00,-100.03,-190,R,7835,-32.8746
8380,P3,BASE,-100.00,-97.46,-193,R,7796,-32.9000
8390,P3,BASE,-100.00,-97.53,-193,R,7757,-32.9247
8400,P3,BASE,-100.00,-102.50,-187,R,7716,-32.8997
8410,P3,BASE,-100.00,-99.97,-190,R,7676,-32.9000
8420,P3,BASE,-100.00,-97.54,-193,R,7637,-32.9246
8430,P3,BASE,-100.00,-102.46,-187,R,7596,-32.9000
8440,P3,BASE,-100.00,-100.03,-190,R,7556,-32.8997
8450,P3,BASE,-100.00,-99.97,-190,R,7516,-32.9000
8460,P3,BASE,-100.00,-102.51,-187,R,7475,-32.8749
8470,P3,BASE,-100.00,-99.99,-190,R,7435,-32.8750
8480,P3,BASE,-100.00,-102.54,-187,R,7394,-32.8496
8490,P3,BASE,-100.00,-99.98,-190,R,7354,-32.8498
8500,P3,BASE,-100.00,-100.00,-190,R,7314,-32.8498
8510,P3,BASE,-100.00,-102.49,-187,R,7273,-32.8249
8520,P3,BASE,-100.00,-97.52,-193,R,7234,-32.8497
8530,P3,BASE,-100.00,-97.50,-193,R,7195,-32.8747
8540,P3,BASE,-100.00,-100.00,-190,R,7155,-32.8747
8550,P3,BASE,-100.00,-102.51,-187,R,7114,-32.8496
8560,P3,BASE,-100.00,-102.50,-187,R,7073,-32.8246
8570,P3,BASE,-100.00,-104.98,-184,R,7031,-32.7748
8580,P3,BASE,-100.00,-92.51,-199,R,6994,-32.8497
8590,P3,BASE,-100.00,-97.50,-193,R,6955,-32.8747
8600,P3,BASE,-100.00,-97.49,-193,R,6916,-32.8998
8610,P3,BASE,-100.00,-99.99,-190,R,6876,-32.8999
8620,P3,BASE,-100.00,-97.52,-193,R,6837,-32.9247
8630,P3,BASE,-100.00,-102.48,-187,R,6796,-32.8999
8640,P3,BASE,-100.00,-100.01,-190,R,6756,-32.8998
8650,P3,BASE,-100.00,-99.99,-190,R,6716,-32.8999
8660,P3,BASE,-100.00,-100.03,-190,R,6676,-32.8996
8670,P3,BASE,-100.00,-99.95,-190,R,6636,-32.9001
8680,P3,BASE,-100.00,-95.02,-197,R,6598,-32.9499
8690,P3,BASE,-100.00,-97.50,-194,R,6559,-32.9749
8700,P3,BASE,-100.00,-100.03,-191,R,6519,-32.9746
8710,P3,BASE,-100.00,-100.00,-191,R,6479,-32.9746
8720,P3,BASE,-100.00,-102.50,-188,R,6438,-32.9496
8730,P3,BASE,-100.00,-102.49,-187,R,6397,-32.9247
8740,P3,BASE,-100.00,-99.99,-190,R,6357,-32.9248
8750,P3,BASE,-100.00,-100.02,-190,R,6317,-32.9246
8760,P3,BASE,-100.00,-102.46,-187,R,6276,-32.9001
8770,P3,BASE,-100.00,-100.02,-190,R,6236,-32.8999
8780,P3,BASE,-100.00,-102.49,-187,R,6195,-32.8750
8790,P3,BASE,-100.00,-100.03,-190,R,6155,-32.8747
8800,P3,BASE,-100.00,-99.97,-190,R,6115,-32.8750
8810,P3,BASE,-100.00,-97.53,-193,R,6076,-32.8997
8820,P3,BASE,-100.00,-99.96,-190,R,6036,-32.9001
8830,P3,BASE,-100.00,-97.54,-193,R,5997,-32.9247
8840,P3,BASE,-100.00,-97.50,-194,R,5958,-32.9497
8850,P3,BASE,-100.00,-99.99,-191,R,5918,-32.9498
8860,P3,BASE,-100.00,-100.01,-191,R,5878,-32.9497
8870,P3,BASE,-100.00,-97.49,-194,R,5839,-32.9748
8880,P3,BASE,-100.00,-102.49,-188,R,5798,-32.9499
8890,P3,BASE,-100.00,-100.01,-191,R,5758,-32.9498
8900,P3,BASE,-100.00,-102.49,-187,R,5717,-32.9249
8910,P3,BASE,-100.00,-102.49,-187,R,5676,-32.9000
8920,P3,BASE,-100.00,-100.02,-190,R,5636,-32.8998
8930,P3,BASE,-100.00,-102.51,-187,R,5595,-32.8747
8940,P3,BASE,-100.00,-99.96,-190,R,5555,-32.8751
8950,P3,BASE,-100.00,-102.51,-187,R,5514,-32.8500
8960,P3,BASE,-100.00,-100.02,-190,R,5474,-32.8498
8970,P3,BASE,-100.00,-97.48,-193,R,5435,-32.8750
8980,P3,BASE,-100.00,-99.99,-190,R,5395,-32.8751
8990,P3,BASE,-100.00,-97.54,-193,R,5356,-32.8997
9000,P3,BASE,-100.00,-102.49,-187,R,5315,-32.8748
9010,P3,BASE,-100.00,-100.01,-190,R,5275,-32.8747
9020,P3,BASE,-100.00,-99.97,-190,R,5235,-32.8750
9030,P3,BASE,-100.00,-102.50,-187,R,5194,-32.8500
9040,P3,BASE,-100.00,-100.03,-190,R,5154,-32.8497
9050,P3,BASE,-100.00,-99.97,-190,R,5114,-32.8500
9060,P3,BASE,-100.00,-102.50,-187,R,5073,-32.8250
9070,P3,BASE,-100.00,-100.01,-190,R,5033,-32.8249
9080,P3,BASE,-100.00,-102.52,-187,R,4992,-32.7997
9090,P3,BASE,-100.00,-99.97,-190,R,4952,-32.8000
9100,P3,BASE,-100.00,-102.52,-187,R,4911,-32.7748
9110,P3,BASE,-100.00,-100.01,-190,R,4871,-32.7747
9120,P3,BASE,-100.00,-97.50,-193,R,4832,-32.7997
9130,P3,BASE,-100.00,-100.00,-190,R,4792,-32.7997
9140,P3,BASE,-100.00,-97.48,-193,R,4753,-32.8249
9150,P3,BASE,-100.00,-102.52,-187,R,4712,-32.7997
9160,P3,BASE,-100.00,-105.00,-183,R,4670,-32.7497
9170,P3,BASE,-100.00,-107.49,-180,R,4627,-32.6748
9180,P3,BASE,-100.00,-92.50,-198,R,4590,-32.7498
9190,P3,BASE,-100.00,-95.00,-196,R,4552,-32.7998
9200,P3,BASE,-100.00,-99.98,-190,R,4512,-32.8000
9210,P3,BASE,-100.00,-100.03,-190,R,4472,-32.7997
9220,P3,BASE,-100.00,-97.47,-193,R,4433,-32.8250
9230,P3,BASE,-100.00,-102.51,-187,R,4392,-32.7999
9240,P3,BASE,-100.00,-100.02,-190,R,4352,-32.7997
9250,P3,BASE,-100.00,-99.97,-190,R,4312,-32.8000
9260,P3,BASE,-100.00,-100.02,-190,R,4272,-32.7998
9270,P3,BASE,-100.00,-97.50,-193,R,4233,-32.8248
9280,P3,BASE,-100.00,-97.50,-193,R,4194,-32.8498
9290,P3,BASE,-100.00,-94.97,-196,R,4156,-32.9001
9300,P3,BASE,-100.00,-102.50,-187,R,4115,-32.8751
9310,P3,BASE,-100.00,-100.02,-190,R,4075,-32.8749
9320,P3,BASE,-100.00,-100.02,-190,R,4035,-32.8747
9330,P3,BASE,-100.00,-100.00,-190,R,3995,-32.8747
9340,P3,BASE,-100.00,-100.00,-190,R,3955,-32.8747
9350,P3,BASE,-100.00,-99.99,-190,R,3915,-32.8748
9360,P3,BASE,-100.00,-102.48,-187,R,3874,-32.8500
9370,P3,BASE,-100.00,-100.00,-190,R,3834,-32.8500
9380,P3,BASE,-100.00,-100.00,-190,R,3794,-32.8500
9390,P3,BASE,-100.00,-102.50,-187,R,3753,-32.8250
9400,P3,BASE,-100.00,-97.50,-193,R,3714,-32.8500
9410,P3,BASE,-100.00,-100.02,-190,R,3674,-32.8498
9420,P3,BASE,-100.00,-97.50,-193,R,3635,-32.8748
9430,P3,BASE,-100.00,-97.50,-193,R,3596,-32.8998
9440,P3,BASE,-100.00,-97.51,-193,R,3557,-32.9247
9450,P3,BASE,-100.00,-99.97,-190,R,3517,-32.9250
9460,P3,BASE,-100.00,-100.01,-190,R,3477,-32.9249
9470,P3,BASE,-100.00,-100.02,-190,R,3437,-32.9247
9480,P3,BASE,-100.00,-100.00,-190,R,3397,-32.9247
9490,P3,BASE,-100.00,-100.00,-190,R,3357,-32.9247
9500,P3,BASE,-100.00,-99.99,-190,R,3317,-32.9248
9510,P3,BASE,-100.00,-102.49,-187,R,3276,-32.8999
9520,P3,BASE,-100.00,-99.93,-190,R,3236,-32.9006
9530,P3,BASE,-100.00,-100.09,-190,R,3196,-32.8997
9540,P3,BASE,-100.00,-102.46,-187,R,3155,-32.8751
9550,P3,BASE,-100.00,-100.04,-190,R,3115,-32.8747
9560,P3,BASE,-100.00,-99.98,-190,R,3075,-32.8749
9570,P3,BASE,-100.00,-97.51,-193,R,3036,-32.8998
9580,P3,BASE,-100.00,-99.98,-190,R,2996,-32.9000
9590,P3,BASE,-100.00,-97.50,-193,R,2957,-32.9250
9600,P3,BASE,-100.00,-100.00,-190,R,2917,-32.9250
9610,P3,BASE,-100.00,-102.44,-187,R,2876,-32.9006
9620,P3,BASE,-100.00,-97.56,-193,R,2837,-32.9250
9630,P3,BASE,-100.00,-102.52,-187,R,2796,-32.8998
9640,P3,BASE,-100.00,-99.99,-190,R,2756,-32.8999
9650,P3,BASE,-100.00,-100.01,-190,R,2716,-32.8998
9660,P3,BASE,-100.00,-102.50,-187,R,2675,-32.8748
9670,P3,BASE,-100.00,-99.98,-190,R,2635,-32.8750
9680,P3,BASE,-100.00,-102.52,-187,R,2594,-32.8498
9690,P3,BASE,-100.00,-100.00,-190,R,2554,-32.8498
9700,P3,BASE,-100.00,-99.99,-190,R,2514,-32.8499
9710,P3,BASE,-100.00,-100.02,-190,R,2474,-32.8497
9720,P3,BASE,-100.00,-99.98,-190,R,2434,-32.8499
9730,P3,BASE,-100.00,-97.50,-193,R,2395,-32.8749
9740,P3,BASE,-100.00,-100.00,-190,R,2355,-32.8749
9750,P3,BASE,-100.00,-100.01,-190,R,2315,-32.8748
9760,P3,BASE,-100.00,-102.47,-187,R,2274,-32.8501
9770,P3,BASE,-100.00,-105.02,-184,R,2232,-32.7999
9780,P3,BASE,-100.00,-92.50,-199,R,2195,-32.8749
9790,P3,BASE,-100.00,-97.49,-193,R,2156,-32.9000
9800,P3,BASE,-100.00,-100.01,-190,R,2116,-32.8999
9810,P3,BASE,-100.00,-100.02,-190,R,2076,-32.8997
9820,P3,BASE,-100.00,-97.47,-193,R,2037,-32.9250
9830,P3,BASE,-100.00,-100.00,-190,R,1997,-32.9250
9840,P3,BASE,-100.00,-100.03,-190,R,1957,-32.9247
9850,P3,BASE,-100.00,-100.00,-190,R,1917,-32.9247
9860,P3,BASE,-100.00,-99.97,-190,R,1877,-32.9250
9870,P3,BASE,-100.00,-97.51,-194,R,1838,-32.9499
9880,P3,BASE,-100.00,-97.50,-194,R,1799,-32.9749
9890,P3,BASE,-100.00,-97.49,-194,R,1760,-33.0000
9900,P3,BASE,-100.00,-99.99,-191,R,1720,-33.0001
9910,P3,BASE,-100.00,-100.03,-191,R,1680,-32.9998
9920,P3,BASE,-100.00,-100.00,-191,R,1640,-32.9998
9930,P3,BASE,-100.00,-102.48,-188,R,1599,-32.9750
9940,P3,BASE,-100.00,-102.53,-188,R,1558,-32.9497
9950,P3,BASE,-100.00,-99.99,-191,R,1518,-32.9498
9960,P3,BASE,-100.00,-102.49,-187,R,1477,-32.9249
9970,P3,BASE,-100.00,-100.02,-190,R,1437,-32.9247
9980,P3,BASE,-100.00,-102.49,-187,R,1396,-32.8998
9990,P3,BASE,-100.00,-99.97,-190,R,1356,-32.9001
